,Pop.Density(persq.mi.),Coastline(coast/arearatio),Netmigration,Infantmortality(per1000births),GDP($percapita),Literacy(%),Phones(per1000),Arable(%),Crops(%),Other(%),Climate,Birthrate,Deathrate,Agriculture,Industry,Service,Population,Area(sq.mi.)
0,48.0,0.0,23.06,163.07,700.0,36.0,3.2,12.13,0.22000000000000003,87.65,1.0,46.6,20.34,0.38000000000000006,0.24000000000000005,0.38000000000000006,31056997,647500
1,124.6,1.26,-4.93,21.52,4500.0,86.5,71.2,21.09,4.42,74.49,3.0,15.11,5.22,0.23200000000000007,0.18800000000000006,0.5790000000000002,3581655,28748
2,13.8,0.04000000000000001,-0.39000000000000007,31.0,6000.0,70.0,78.1,3.22,0.25000000000000006,96.53,1.0,17.14,4.61,0.10100000000000002,0.6000000000000001,0.2980000000000001,32930091,2381740
6,132.1,59.8,10.76,21.03,8600.0,95.0,460.0,0.0,0.0,100.0,2.0,14.17,5.34,0.04000000000000001,0.18000000000000005,0.7800000000000001,13477,102
7,156.0,34.54,-6.15,19.46,11000.0,89.0,549.9,18.18,4.55,77.27,2.0,16.93,5.37,0.038000000000000006,0.22000000000000003,0.7430000000000002,69108,443
8,14.4,0.18000000000000005,0.6100000000000001,15.18,11200.0,97.1,220.4,12.31,0.4800000000000001,87.21,3.0,16.73,7.55,0.09500000000000003,0.3580000000000001,0.5470000000000002,39921833,2766890
9,99.9,0.0,-6.47,23.28,3500.0,98.6,195.7,17.55,2.3,80.15,4.0,12.07,8.23,0.23900000000000005,0.3430000000000001,0.4180000000000001,2976372,29800
10,372.5,35.49,0.0,5.890000000000001,28000.0,97.0,516.1,10.53,0.0,89.47,2.0,11.03,6.68,0.004000000000000001,0.3330000000000001,0.6630000000000001,71891,193
11,2.6,0.3400000000000001,3.9800000000000004,4.69,29000.0,100.0,565.5,6.55,0.04000000000000001,93.41,1.0,12.14,7.51,0.038000000000000006,0.26200000000000007,0.7000000000000001,20264082,7686850
12,97.7,0.0,2.0,4.66,30000.0,98.0,452.2,16.91,0.8600000000000002,82.23,3.0,8.74,9.76,0.018000000000000006,0.30400000000000005,0.6780000000000002,8192880,83870
13,91.9,0.0,-4.9,81.74,3400.0,97.0,137.1,19.63,2.71,77.66,1.0,20.74,9.75,0.14100000000000004,0.45700000000000013,0.4020000000000001,7961619,86600
14,21.8,25.41,-2.2,25.21,16700.0,95.6,460.6,0.8,0.4,98.8,2.0,17.57,9.05,0.030000000000000006,0.07,0.9,303770,13940
15,1050.5,24.21,1.05,17.27,16900.0,89.1,281.3,2.8200000000000003,5.63,91.55,1.0,17.8,4.14,0.005000000000000001,0.38700000000000007,0.6080000000000001,698585,665
16,1023.4,0.4000000000000001,-0.7100000000000002,62.6,1900.0,43.1,7.3,62.11,3.07,34.82,2.0,29.8,8.27,0.19900000000000004,0.19800000000000004,0.6030000000000001,147365352,144000
17,649.5,22.51,-0.31000000000000005,12.5,15700.0,97.4,481.9,37.21,2.33,60.46,2.0,12.71,8.67,0.06000000000000001,0.16000000000000003,0.7800000000000001,279912,431
18,49.6,0.0,2.54,13.37,6100.0,99.6,319.1,29.55,0.6000000000000001,69.85,4.0,11.16,14.02,0.09300000000000003,0.31600000000000006,0.5910000000000002,10293011,207600
19,340.0,0.22000000000000003,1.23,4.68,29100.0,98.0,462.6,23.28,0.4,76.32,3.0,10.38,10.27,0.010000000000000002,0.24000000000000005,0.7490000000000002,10379067,30528
20,12.5,1.6800000000000002,0.0,25.69,4900.0,94.1,115.7,2.85,1.7100000000000002,95.44,2.0,28.84,5.720000000000001,0.14200000000000004,0.15200000000000002,0.6120000000000001,287730,22966
21,69.8,0.11000000000000001,0.0,85.0,1100.0,40.9,9.7,18.08,2.4,79.52,2.0,38.85,12.22,0.31600000000000006,0.13800000000000004,0.5460000000000002,7862944,112620
22,1241.0,194.34,2.49,8.53,36000.0,98.0,851.4,20.0,0.0,80.0,2.0,11.4,7.74,0.010000000000000002,0.1,0.8900000000000001,65773,53
23,48.5,0.0,0.0,100.44,1300.0,42.2,14.3,3.09,0.4300000000000001,96.48,2.0,33.65,12.7,0.25800000000000006,0.3790000000000001,0.3630000000000001,2279723,47000
24,8.2,0.0,-1.32,53.11,2400.0,87.2,71.9,2.67,0.19000000000000003,97.14,1.5,23.3,7.53,0.12800000000000003,0.3520000000000001,0.5200000000000001,8989046,1098580
26,2.7,0.0,0.0,54.58,9000.0,79.8,80.5,0.6500000000000001,0.010000000000000002,99.34,1.0,23.08,29.5,0.024000000000000007,0.46900000000000014,0.5070000000000001,1639833,600370
27,22.1,0.09000000000000002,-0.030000000000000006,29.61,7600.0,86.4,225.3,6.96,0.9,92.15,2.0,16.56,6.17,0.08400000000000002,0.4,0.5160000000000001,188078227,8511965
28,151.0,52.29,10.01,18.05,16000.0,97.8,506.5,20.0,6.67,73.33,2.0,14.89,4.42,0.018000000000000006,0.06200000000000001,0.9200000000000002,23098,153
29,65.8,2.79,3.59,12.61,18600.0,93.9,237.2,0.5700000000000001,0.7600000000000001,98.67,2.0,18.79,3.45,0.03600000000000001,0.5610000000000002,0.4030000000000001,379444,5770
30,66.6,0.32000000000000006,-4.58,20.55,7600.0,98.6,336.3,40.02,1.9200000000000002,58.06,3.0,9.65,14.27,0.09300000000000003,0.30400000000000005,0.6030000000000001,7385367,110910
31,50.7,0.0,0.0,97.57,1100.0,26.6,7.0,14.43,0.19000000000000003,85.38,2.0,45.62,15.6,0.32200000000000006,0.19600000000000004,0.4820000000000001,13902972,274200
32,69.8,0.28,-1.8,67.24,1800.0,85.3,10.1,15.19,0.9700000000000002,83.84,2.0,17.91,9.83,0.5640000000000002,0.08200000000000002,0.3530000000000001,47382633,678500
33,290.7,0.0,-0.06000000000000001,69.29,600.0,51.6,3.4,35.05,14.02,50.93,2.0,42.22,13.46,0.46300000000000013,0.20300000000000004,0.3340000000000001,8090068,27830
34,76.7,0.24000000000000005,0.0,71.48,1900.0,69.4,2.6,20.96,0.6100000000000001,78.43,2.0,26.9,9.06,0.3500000000000001,0.30000000000000004,0.3500000000000001,13881427,181040
35,36.5,0.08000000000000002,0.0,68.26,1800.0,79.0,5.7,12.81,2.58,84.61,1.5,33.89,13.47,0.4480000000000001,0.17000000000000004,0.3820000000000001,17340702,475440
37,104.4,23.93,-12.07,47.77,1400.0,76.6,169.6,9.68,0.5,89.82,3.0,24.87,6.55,0.12100000000000002,0.21900000000000006,0.6600000000000001,420979,4033
38,173.4,61.07,18.75,8.19,35000.0,98.0,836.3,3.85,0.0,96.15,2.0,12.74,4.890000000000001,0.014000000000000004,0.03200000000000001,0.9540000000000002,45436,262
39,6.9,0.0,0.0,91.0,1100.0,51.0,2.3,3.1,0.14,96.76,2.0,33.91,18.65,0.5500000000000002,0.2,0.25000000000000006,4303356,622984
40,7.7,0.0,-0.11000000000000001,93.82,1200.0,47.5,1.3,2.8600000000000003,0.020000000000000004,97.12,2.0,45.73,16.38,0.3350000000000001,0.25900000000000006,0.4060000000000001,9944201,1284000
41,21.3,0.8500000000000002,0.0,8.8,9900.0,96.2,213.0,2.6500000000000004,0.4200000000000001,96.93,3.0,15.23,5.8100000000000005,0.06000000000000001,0.4930000000000001,0.4470000000000001,16134219,756950
42,136.9,0.15000000000000002,-0.4,24.18,5000.0,90.9,266.7,15.4,1.25,83.35,1.5,13.25,6.970000000000001,0.12500000000000003,0.4730000000000001,0.4030000000000001,1313973713,9596960
43,38.3,0.28,-0.31000000000000005,20.97,6300.0,92.5,176.2,2.42,1.6700000000000002,95.91,2.0,20.48,5.58,0.12500000000000003,0.3420000000000001,0.5330000000000001,43593035,1138910
44,318.4,15.67,0.0,74.93,700.0,56.5,24.5,35.87,23.32,40.81,2.0,36.93,8.2,0.4,0.04000000000000001,0.56,690948,2170
45,26.7,0.0,0.0,94.69,700.0,65.5,0.2,2.96,0.5200000000000001,96.52,2.0,43.69,13.27,0.5500000000000002,0.11000000000000001,0.3400000000000001,62660551,2345410
46,10.8,0.05000000000000001,-0.17000000000000004,93.86,700.0,83.8,3.7,0.5100000000000001,0.13000000000000003,99.36,2.0,42.57,12.93,0.06200000000000001,0.5700000000000001,0.3690000000000001,3702314,342000
48,79.8,2.52,0.5100000000000001,9.95,9100.0,96.0,340.7,4.41,5.88,89.71,2.0,18.32,4.36,0.08800000000000002,0.29900000000000004,0.6140000000000001,4075261,51100
49,54.8,0.16000000000000003,-0.07,90.83,1400.0,50.9,14.6,9.75,13.84,76.41,2.0,35.11,14.84,0.2790000000000001,0.17100000000000004,0.5500000000000002,17654843,322460
51,102.7,3.37,-1.58,6.33,2900.0,97.0,74.7,33.05,7.6,59.35,2.0,11.89,7.22,0.055000000000000014,0.26100000000000007,0.6840000000000002,11382820,110860
53,129.8,0.0,0.9700000000000002,3.93,15700.0,99.9,314.3,39.8,3.05,57.15,3.0,9.02,10.59,0.03400000000000001,0.39300000000000007,0.5730000000000002,10235455,78866
54,126.5,16.97,2.48,4.5600000000000005,31100.0,100.0,614.6,54.02,0.19000000000000003,45.79,3.0,11.13,10.36,0.018000000000000006,0.24600000000000005,0.7350000000000002,5450661,43094
55,21.2,1.37,0.0,104.13,1300.0,67.9,22.8,0.04000000000000001,0.0,99.96,1.0,39.53,19.31,0.17900000000000005,0.22500000000000006,0.5960000000000002,486530,23000
56,91.4,19.63,-13.870000000000001,14.15,5400.0,94.0,304.8,6.67,20.0,73.33,2.0,15.27,6.73,0.17700000000000005,0.32800000000000007,0.4950000000000001,68910,754
57,188.5,2.64,-3.22,32.38,6000.0,84.7,97.4,22.65,10.33,67.02,2.0,23.22,5.73,0.11200000000000003,0.30600000000000005,0.5820000000000002,9183984,48730
59,47.8,0.7900000000000001,-8.58,23.66,3300.0,92.5,125.6,5.8500000000000005,4.93,89.22,2.0,22.29,4.23,0.07,0.31200000000000006,0.6180000000000001,13547510,283560
60,78.8,0.24000000000000005,-0.22000000000000003,32.59,4000.0,57.7,131.8,2.87,0.4800000000000001,96.65,1.0,22.94,5.23,0.14900000000000005,0.3570000000000001,0.4930000000000001,78887007,1001450
61,324.3,1.46,-3.74,25.1,4800.0,80.2,142.4,31.85,12.07,56.08,2.0,26.61,5.78,0.09900000000000002,0.30200000000000005,0.5990000000000001,6822378,21040
62,19.3,1.06,0.0,85.13,2700.0,85.7,18.5,4.63,3.5700000000000003,91.8,2.0,35.59,15.06,0.030000000000000006,0.9060000000000002,0.06200000000000001,540109,28051
63,39.5,1.8400000000000003,0.0,74.87,700.0,58.6,7.9,4.95,0.030000000000000006,95.02,1.5,34.33,9.6,0.10200000000000002,0.25400000000000006,0.6430000000000001,4786994,121320
64,29.3,8.39,-3.16,7.87,12300.0,99.8,333.8,16.04,0.45000000000000007,83.51,3.0,10.04,13.25,0.04000000000000001,0.2940000000000001,0.6660000000000001,1324333,45226
65,66.3,0.0,0.0,95.32,700.0,42.7,8.2,10.71,0.7500000000000001,88.54,2.0,37.98,14.86,0.4750000000000001,0.09900000000000002,0.4260000000000001,74777981,1127127
67,49.6,6.18,-3.14,12.620000000000001,5800.0,93.7,112.6,10.95,4.65,84.4,2.0,22.55,5.65,0.08900000000000002,0.13500000000000004,0.7760000000000001,905949,18270
68,15.5,0.37000000000000005,0.9500000000000002,3.5700000000000003,27400.0,100.0,405.3,7.19,0.030000000000000006,92.78,3.0,10.45,9.86,0.028000000000000008,0.2950000000000001,0.6760000000000002,5231372,338145
69,111.3,0.6300000000000001,0.6600000000000001,4.26,27600.0,99.0,586.4,33.53,2.07,64.4,4.0,11.99,9.14,0.022000000000000006,0.21400000000000005,0.7640000000000002,60876136,547030
70,2.2,0.4200000000000001,6.2700000000000005,12.07,8300.0,83.0,255.6,0.14,0.05000000000000001,99.81,2.0,20.46,4.88,0.06600000000000002,0.15600000000000003,0.7780000000000001,199509,91000
71,65.9,60.6,2.9400000000000004,8.44,17500.0,98.0,194.5,0.8200000000000002,5.46,93.72,2.0,16.68,4.69,0.031000000000000007,0.19000000000000003,0.7690000000000001,274578,4167
72,5.3,0.33000000000000007,0.0,53.64,5500.0,63.2,27.4,1.26,0.6600000000000001,98.08,2.0,36.16,12.25,0.06100000000000001,0.5920000000000002,0.3480000000000001,1424906,267667
73,145.3,0.7100000000000002,1.57,72.02,1700.0,40.1,26.8,25.0,0.5,74.5,2.0,39.37,12.25,0.30800000000000005,0.14200000000000004,0.5490000000000002,1641564,11300
75,66.9,0.44000000000000006,-4.7,18.59,2500.0,99.0,146.6,11.44,3.8600000000000003,84.7,3.0,10.41,9.23,0.17200000000000004,0.2750000000000001,0.5530000000000002,4661473,69700
76,230.9,0.6700000000000002,2.18,4.16,27600.0,99.0,667.9,33.85,0.5900000000000001,65.56,3.0,8.25,10.620000000000001,0.009000000000000003,0.2960000000000001,0.6950000000000002,82422299,357021
77,93.6,0.23000000000000004,-0.6400000000000001,51.43,2200.0,74.8,14.4,16.26,9.67,74.07,2.0,30.52,9.72,0.3660000000000001,0.24600000000000005,0.38700000000000007,22409572,239460
79,81.0,10.37,2.35,5.53,20000.0,97.5,589.7,21.1,8.78,70.12,3.0,9.68,10.24,0.05400000000000001,0.21300000000000005,0.7330000000000002,10688058,131940
81,260.8,35.17,-13.92,14.620000000000001,5000.0,98.0,364.5,5.88,29.41,64.71,2.0,22.08,6.88,0.05400000000000001,0.18000000000000005,0.7660000000000002,89703,344
82,254.4,17.19,-0.15000000000000002,8.6,8000.0,90.0,463.8,11.24,3.5500000000000003,85.21,2.0,15.05,6.09,0.15000000000000002,0.17000000000000004,0.6800000000000002,452776,1780
84,112.9,0.37000000000000005,-1.6700000000000002,35.93,4100.0,70.6,92.1,12.540000000000001,5.03,82.43,2.0,29.88,5.2,0.22700000000000006,0.18800000000000006,0.5850000000000002,12293545,108890
86,39.4,0.13000000000000003,-3.06,90.37,2100.0,35.9,2.7,3.63,2.58,93.79,2.0,41.76,15.48,0.23700000000000004,0.3620000000000001,0.4010000000000001,9690222,245857
87,39.9,0.9700000000000002,-1.57,107.17,800.0,42.4,7.4,10.67,8.82,80.51,2.0,37.22,16.53,0.6200000000000001,0.12000000000000002,0.26000000000000006,1442029,36120
88,3.6,0.21000000000000005,-2.07,33.26,4000.0,98.8,143.5,2.44,0.15000000000000002,97.41,2.0,18.28,8.28,0.37000000000000005,0.20300000000000004,0.4270000000000001,767245,214970
89,299.4,6.38,-3.4,73.45,1600.0,52.9,16.9,28.3,11.61,60.09,2.0,36.44,12.17,0.28,0.2,0.5200000000000001,8308504,27750
90,65.4,0.7300000000000001,-1.9900000000000002,29.32,2600.0,76.2,67.5,9.55,3.22,87.23,2.0,28.24,5.28,0.13900000000000004,0.31200000000000006,0.5490000000000002,7326496,112090
91,6355.7,67.12,5.24,2.97,28800.0,93.5,546.7,5.05,1.01,93.94,2.0,7.29,6.29,0.0010000000000000002,0.09200000000000003,0.9060000000000002,6940432,1092
92,107.3,0.0,0.8600000000000002,8.57,13900.0,99.4,336.2,50.09,2.06,47.85,3.0,9.72,13.11,0.03700000000000001,0.31200000000000006,0.6510000000000001,9981334,93030
93,2.9,4.83,2.38,3.31,30900.0,99.9,647.7,0.07,0.0,99.93,3.0,13.64,6.720000000000001,0.08600000000000002,0.15000000000000002,0.7650000000000002,299388,103000
94,333.2,0.21000000000000005,-0.07,56.29,2900.0,59.5,45.4,54.4,2.74,42.86,2.5,22.01,8.18,0.18600000000000005,0.2760000000000001,0.5380000000000001,1095351995,3287590
95,127.9,2.85,0.0,35.6,3200.0,87.9,52.0,11.32,7.23,81.45,2.0,20.34,6.25,0.13400000000000004,0.45800000000000013,0.4080000000000001,245452739,1919440
96,41.7,0.15000000000000002,-0.8400000000000002,41.58,7000.0,79.4,276.4,8.72,1.3900000000000001,89.89,1.0,17.0,5.55,0.11600000000000003,0.4240000000000001,0.4600000000000001,68688433,1648000
97,61.3,0.010000000000000002,0.0,50.25,1500.0,40.4,38.6,13.15,0.7800000000000001,86.07,1.0,31.98,5.37,0.07300000000000002,0.6660000000000001,0.26100000000000007,26783383,437072
98,57.8,2.06,4.99,5.39,29600.0,98.0,500.5,15.2,0.030000000000000006,84.77,3.0,14.45,7.82,0.05000000000000001,0.4600000000000001,0.4900000000000001,4062235,70280
100,305.8,1.31,0.6800000000000002,7.03,19800.0,95.4,462.3,16.39,4.17,79.44,3.0,17.97,6.18,0.026000000000000006,0.31700000000000006,0.6570000000000001,6352117,20770
102,250.9,9.3,-4.92,12.36,3900.0,87.9,124.0,16.07,10.16,73.77,2.0,20.82,6.5200000000000005,0.04900000000000001,0.3370000000000001,0.6150000000000001,2758124,10991
103,337.4,7.87,0.0,3.2600000000000002,28200.0,99.0,461.2,12.19,0.9600000000000002,86.85,3.0,9.37,9.16,0.017000000000000005,0.25800000000000006,0.7250000000000002,127463611,377835
105,64.0,0.030000000000000006,6.59,17.35,4300.0,91.3,104.5,2.67,1.83,95.5,1.0,21.25,2.6500000000000004,0.03300000000000001,0.2870000000000001,0.6800000000000002,5906760,92300
106,5.6,0.0,-3.35,29.21,6300.0,98.4,164.1,7.98,0.05000000000000001,91.97,4.0,16.0,9.42,0.06700000000000002,0.38600000000000007,0.5470000000000002,15233244,2717300
107,59.6,0.09000000000000002,-0.1,61.47,1000.0,85.1,8.1,8.08,0.9800000000000002,90.94,1.5,39.72,14.02,0.16300000000000003,0.18800000000000006,0.6510000000000001,34707817,582650
109,191.8,2.07,0.0,24.04,1300.0,99.0,42.4,20.76,2.49,76.75,3.0,15.540000000000001,7.13,0.30000000000000004,0.3400000000000001,0.3600000000000001,23113019,120540
110,496.0,2.45,0.0,7.05,17800.0,97.9,486.1,17.18,1.9500000000000002,80.87,3.0,10.0,5.8500000000000005,0.03300000000000001,0.4030000000000001,0.5630000000000002,48846823,98480
111,135.7,2.8000000000000003,14.18,9.95,19000.0,83.5,211.0,0.7300000000000001,0.11000000000000001,99.16,1.0,21.94,2.41,0.004000000000000001,0.4790000000000001,0.5160000000000001,2418393,17820
112,26.3,0.0,-2.45,35.64,1600.0,97.0,84.0,7.3,0.3500000000000001,92.35,2.5,22.8,7.08,0.3530000000000001,0.20800000000000005,0.4390000000000001,5213898,198500
113,26.9,0.0,0.0,85.22,1700.0,66.4,14.1,3.8,0.3500000000000001,95.85,2.0,35.49,11.55,0.4550000000000001,0.2870000000000001,0.25800000000000006,6368481,236800
114,35.2,0.8200000000000002,-2.23,9.55,10200.0,99.8,321.4,29.67,0.4700000000000001,69.86,3.0,9.24,13.66,0.04000000000000001,0.26100000000000007,0.6990000000000002,2274735,64589
116,66.6,0.0,-0.7400000000000001,84.23,3000.0,84.8,23.7,10.870000000000001,0.13000000000000003,89.0,3.0,24.75,28.71,0.16300000000000003,0.4430000000000001,0.3940000000000001,2022331,30355
117,27.3,0.5200000000000001,0.0,128.87,1000.0,57.5,2.3,3.95,2.2800000000000002,93.77,2.0,44.77,23.1,0.7690000000000001,0.05400000000000001,0.17700000000000005,3042004,111370
119,212.4,0.0,4.8500000000000005,4.7,25000.0,100.0,585.5,25.0,0.0,75.0,4.0,10.21,7.18,0.06000000000000001,0.39000000000000007,0.5500000000000002,33987,160
122,16183.0,146.43,4.86,4.39,19400.0,94.5,384.9,0.0,0.0,100.0,2.0,8.48,4.47,0.0010000000000000002,0.07200000000000002,0.9270000000000003,453125,28
124,31.7,0.8200000000000002,0.0,76.83,800.0,68.9,3.6,5.07,1.03,93.91,2.0,41.41,11.11,0.2760000000000001,0.16500000000000004,0.5590000000000002,18595469,587040
125,109.8,0.0,0.0,103.32,600.0,62.7,7.9,23.38,1.4900000000000002,75.13,2.0,43.13,19.33,0.3420000000000001,0.15800000000000003,0.4990000000000001,13013926,118480
126,74.0,1.4200000000000002,0.0,17.7,9000.0,88.7,179.0,5.48,17.61,76.91,2.0,22.86,5.05,0.08400000000000002,0.4800000000000001,0.4360000000000001,24385858,329750
127,1196.7,214.67,0.0,56.52,3900.0,97.2,90.0,13.33,16.67,70.0,2.0,34.81,7.06,0.2,0.18000000000000005,0.6200000000000001,359008,300
128,9.5,0.0,-0.33000000000000007,116.79,900.0,46.4,6.4,3.8200000000000003,0.030000000000000006,96.15,2.0,49.82,16.89,0.45000000000000007,0.17000000000000004,0.38000000000000006,11716829,1240000
130,5.1,3.12,-6.04,29.45,1600.0,93.7,91.2,16.67,38.89,44.44,2.0,33.05,4.78,0.31700000000000006,0.14900000000000005,0.5340000000000001,60422,11854
131,396.5,31.82,-0.05000000000000001,7.09,14400.0,97.7,394.4,10.38,9.43,80.19,2.0,13.74,6.48,0.06000000000000001,0.11000000000000001,0.8300000000000002,436131,1100
132,3.1,0.07,0.0,70.89,1800.0,41.7,12.9,0.4800000000000001,0.010000000000000002,99.51,1.0,40.99,12.16,0.25000000000000006,0.29000000000000004,0.4600000000000001,3177388,1030700
133,608.3,8.68,-0.9,15.03,11400.0,85.6,289.3,49.26,2.96,47.78,2.0,15.43,6.86,0.05900000000000001,0.2980000000000001,0.6430000000000001,1240827,2040
135,54.5,0.4700000000000001,-4.87,20.91,9000.0,92.2,181.6,12.99,1.31,85.7,1.5,20.69,4.74,0.038000000000000006,0.25900000000000006,0.7020000000000002,107449525,1972550
136,153.9,870.66,-20.990000000000002,30.21,2000.0,89.0,114.8,5.71,45.71,48.58,2.0,24.68,4.75,0.2890000000000001,0.15200000000000002,0.5590000000000002,108004,702
139,1.8,0.0,0.0,53.79,1800.0,97.8,55.1,0.7700000000000001,0.0,99.23,1.0,21.59,6.95,0.20600000000000004,0.21400000000000005,0.5800000000000001,2832224,1564116
142,24.6,0.31000000000000005,0.0,130.79,1200.0,47.8,3.5,5.1,0.30000000000000004,94.6,2.0,35.18,21.35,0.26200000000000007,0.3480000000000001,0.39000000000000007,19686505,801590
143,2.5,0.19000000000000003,0.0,48.98,7200.0,84.0,62.6,0.9900000000000002,0.0,99.01,1.0,24.32,18.86,0.09700000000000002,0.31500000000000006,0.5880000000000002,2044147,825418
146,397.1,1.09,2.91,5.04,28600.0,99.0,460.8,26.71,0.9700000000000002,72.32,3.0,10.9,8.68,0.021000000000000005,0.24400000000000005,0.7360000000000002,16491461,41526
147,231.0,37.92,-0.4100000000000001,10.03,11400.0,96.7,365.3,10.0,0.0,90.0,2.0,14.78,6.45,0.010000000000000002,0.15000000000000002,0.8400000000000002,221736,960
148,11.5,11.83,0.0,7.720000000000001,15000.0,91.0,252.2,0.38000000000000006,0.33000000000000007,99.29,2.0,18.11,5.69,0.15000000000000002,0.08800000000000002,0.7620000000000002,219246,19060
149,15.2,5.63,4.05,5.8500000000000005,21600.0,99.0,441.7,5.6,6.99,87.41,3.0,13.76,7.53,0.04300000000000001,0.2730000000000001,0.6840000000000002,4076140,268680
150,43.0,0.7000000000000002,-1.22,29.11,2300.0,67.5,39.7,15.94,1.9400000000000002,82.12,2.0,24.51,4.45,0.16500000000000004,0.2750000000000001,0.56,5570129,129494
151,9.9,0.0,-0.6700000000000002,121.69,800.0,17.6,1.9,3.54,0.010000000000000002,96.45,1.0,50.73,20.91,0.39000000000000007,0.17000000000000004,0.44000000000000006,12525094,1267000
152,142.7,0.09000000000000002,0.26000000000000006,98.8,900.0,68.0,9.3,31.29,2.96,65.75,1.5,40.43,16.94,0.2690000000000001,0.4870000000000001,0.24400000000000005,131859731,923768
154,14.2,7.7700000000000005,1.7400000000000002,3.7,37800.0,100.0,461.7,2.87,0.0,97.13,3.0,11.46,9.4,0.021000000000000005,0.4150000000000001,0.5640000000000002,4610820,323802
155,14.6,0.9800000000000002,0.28,19.51,13100.0,75.8,85.5,0.0,0.14,99.74,1.0,36.24,3.81,0.027000000000000007,0.39000000000000007,0.5830000000000002,3102229,212460
156,206.2,0.13000000000000003,-2.77,72.44,2100.0,45.7,31.8,27.87,0.8700000000000002,71.26,1.0,29.74,8.23,0.21600000000000005,0.25100000000000006,0.5330000000000001,165803560,803940
157,44.9,331.66,2.85,14.84,9000.0,92.0,325.6,8.7,4.35,86.95,2.0,18.03,6.8,0.06200000000000001,0.12000000000000002,0.8180000000000002,20579,458
158,40.8,3.18,-0.9100000000000001,20.47,6300.0,92.6,137.9,7.36,1.9800000000000002,90.66,2.0,21.74,5.36,0.06800000000000002,0.15600000000000003,0.7760000000000001,3191319,78200
159,12.3,1.11,0.0,51.45,2200.0,64.6,10.9,0.4600000000000001,1.44,98.1,2.0,29.36,7.25,0.3530000000000001,0.3810000000000001,0.26600000000000007,5670544,462840
160,16.0,0.0,-0.08000000000000002,25.63,4700.0,94.0,49.2,7.6,0.23000000000000004,92.17,2.0,29.1,4.49,0.22400000000000006,0.20700000000000005,0.5690000000000002,6506464,406750
161,22.0,0.19000000000000003,-1.05,31.94,5100.0,90.9,79.5,2.89,0.4,96.71,1.5,20.48,6.23,0.08000000000000002,0.2700000000000001,0.6500000000000001,28302603,1285220
162,298.2,12.1,-1.5,23.51,4600.0,92.6,38.4,18.95,16.77,64.28,2.0,24.89,5.41,0.14400000000000004,0.32600000000000007,0.5300000000000001,89468677,300000
163,123.3,0.16000000000000003,-0.4900000000000001,8.51,11100.0,99.8,306.3,45.91,1.12,52.97,3.0,9.85,9.89,0.05000000000000001,0.31100000000000005,0.6400000000000001,38536869,312685
164,114.8,1.9400000000000002,3.5700000000000003,5.05,18000.0,93.3,399.2,21.75,7.8100000000000005,70.44,3.0,10.72,10.5,0.05300000000000001,0.2740000000000001,0.6730000000000002,10605870,92391
165,284.8,3.63,-1.46,8.24,16800.0,94.1,283.1,3.95,5.5200000000000005,90.53,2.0,12.77,7.65,0.010000000000000002,0.45000000000000007,0.5400000000000001,3927188,13790
166,77.4,4.92,16.29,18.61,21500.0,82.5,232.0,1.6400000000000001,0.2700000000000001,98.09,1.0,15.56,4.720000000000001,0.0020000000000000005,0.8010000000000002,0.19700000000000004,885359,11437
167,312.9,8.22,0.0,7.78,5800.0,88.9,380.9,13.6,1.2,85.2,2.0,18.9,5.49,0.08000000000000002,0.19000000000000003,0.7300000000000001,787584,2517
168,93.9,0.09000000000000002,-0.13000000000000003,26.43,7000.0,98.4,196.9,40.82,2.25,56.93,3.0,10.7,11.77,0.10100000000000002,0.3500000000000001,0.5490000000000002,22303552,237500
170,328.4,0.0,0.0,91.23,1300.0,70.4,2.7,40.54,12.16,47.3,3.0,40.37,16.09,0.4010000000000001,0.22900000000000006,0.37000000000000005,8648248,26338
172,149.9,51.72,-7.11,14.49,8800.0,97.0,638.9,19.44,2.7800000000000002,77.78,2.0,18.02,8.33,0.03500000000000001,0.25800000000000006,0.7070000000000002,39129,261
173,273.5,25.65,-2.67,13.53,5400.0,67.0,303.3,6.5600000000000005,22.95,70.49,2.0,19.68,5.08,0.07,0.2,0.7300000000000001,168458,616
175,303.0,21.59,-7.640000000000001,14.78,2900.0,96.0,190.9,17.95,17.95,64.1,2.0,16.18,5.98,0.1,0.26000000000000006,0.6400000000000001,117848,389
176,60.1,13.69,-11.7,27.71,5600.0,99.7,75.2,21.2,24.38,54.42,2.0,16.43,6.62,0.11400000000000003,0.5840000000000002,0.30200000000000005,176908,2944
178,193.2,20.88,-2.72,43.11,1200.0,79.3,36.2,6.25,48.96,44.79,2.0,40.25,6.47,0.16700000000000004,0.14800000000000005,0.6840000000000002,193413,1001
179,13.8,0.13000000000000003,-2.71,13.24,11800.0,78.8,140.6,1.6700000000000002,0.09000000000000002,98.24,1.0,29.34,2.58,0.03300000000000001,0.6130000000000001,0.3540000000000001,27019731,1960582
180,61.1,0.2700000000000001,0.2,55.51,1600.0,40.2,22.2,12.78,0.21000000000000005,87.01,2.0,32.78,9.42,0.17200000000000004,0.20900000000000005,0.6190000000000001,11987121,196190
182,179.2,107.91,-5.69,15.53,7800.0,58.0,262.4,2.22,13.33,84.45,2.0,16.03,6.29,0.03200000000000001,0.30400000000000005,0.6650000000000001,81541,455
183,83.7,0.56,0.0,143.64,500.0,31.4,4.0,6.98,0.8900000000000001,92.13,2.0,45.76,23.03,0.4900000000000001,0.31000000000000005,0.21000000000000005,6005250,71740
184,6482.2,27.85,11.53,2.29,23700.0,92.5,411.4,1.6400000000000001,0.0,98.36,2.0,9.34,4.28,0.0,0.3390000000000001,0.6610000000000001,4492150,693
188,13.9,0.4700000000000001,5.37,116.7,500.0,37.8,11.3,1.6700000000000002,0.04000000000000001,98.29,1.0,45.13,16.63,0.6500000000000001,0.1,0.25000000000000006,8863338,637657
189,36.2,0.23000000000000004,-0.29000000000000004,61.81,10700.0,86.4,107.0,12.08,0.7900000000000001,87.13,1.0,18.2,22.0,0.025000000000000005,0.30300000000000005,0.6710000000000002,44187637,1219912
190,80.0,0.9800000000000002,0.9900000000000002,4.42,22000.0,97.9,453.5,26.07,9.870000000000001,64.06,3.0,10.06,9.72,0.04000000000000001,0.2950000000000001,0.6650000000000001,40397842,504782
191,308.2,2.04,-1.31,14.35,3700.0,92.3,61.5,13.86,15.7,70.44,2.0,15.51,6.5200000000000005,0.17800000000000005,0.2760000000000001,0.5450000000000002,20222240,65610
192,16.5,0.030000000000000006,-0.020000000000000004,62.5,1900.0,61.1,16.3,6.83,0.18000000000000005,92.99,2.0,34.53,8.97,0.38700000000000007,0.20300000000000004,0.4100000000000001,41236378,2505810
193,2.7,0.24000000000000005,-8.81,23.57,4000.0,93.0,184.7,0.37000000000000005,0.06000000000000001,99.57,2.0,18.02,7.2700000000000005,0.13000000000000003,0.22000000000000003,0.6500000000000001,439117,163270
194,65.5,0.0,0.0,69.27,4900.0,81.6,30.8,10.35,0.7000000000000001,88.95,2.5,27.41,29.74,0.11900000000000002,0.5150000000000001,0.3660000000000001,1136334,17363
195,20.0,0.7200000000000002,1.6700000000000002,2.77,26800.0,99.0,715.0,6.54,0.010000000000000002,93.45,3.0,10.27,10.31,0.011000000000000003,0.2820000000000001,0.7070000000000002,9016596,449964
196,182.2,0.0,4.05,4.39,32700.0,99.0,680.9,10.42,0.6100000000000001,88.97,3.0,9.71,8.49,0.015000000000000003,0.3400000000000001,0.6450000000000001,7523934,41290
197,102.0,0.10000000000000002,0.0,29.53,3300.0,76.9,153.8,25.22,4.43,70.35,1.0,27.76,4.8100000000000005,0.24900000000000005,0.23000000000000004,0.5190000000000001,18881361,185180
198,640.3,4.35,0.0,6.4,23400.0,96.1,591.0,24.0,1.0,75.0,2.0,12.56,6.48,0.018000000000000006,0.25900000000000006,0.7230000000000002,23036087,35980
199,51.2,0.0,-2.8600000000000003,110.76,1000.0,99.4,33.5,6.61,0.9200000000000002,92.47,2.0,32.65,8.25,0.23400000000000007,0.2860000000000001,0.4800000000000001,7320815,143100
201,125.7,0.6300000000000001,0.0,20.48,7400.0,92.6,108.9,29.36,6.46,64.18,2.0,13.870000000000001,7.04,0.09900000000000002,0.4410000000000001,0.4600000000000001,64631595,514000
202,97.7,0.10000000000000002,0.0,66.61,1500.0,60.9,10.6,46.15,2.21,51.64,2.0,37.01,9.83,0.3950000000000001,0.20400000000000004,0.4010000000000001,5548702,56785
203,153.3,56.02,0.0,12.620000000000001,2200.0,98.5,97.7,23.61,43.06,33.33,2.0,25.37,5.28,0.23000000000000004,0.2700000000000001,0.5,114689,748
204,207.9,7.06,-10.83,24.31,9500.0,98.6,303.5,14.620000000000001,9.16,76.22,2.0,12.9,10.57,0.007000000000000002,0.5700000000000001,0.4230000000000001,1065842,5128
205,62.2,0.7000000000000002,-0.5700000000000001,24.77,6900.0,74.2,123.6,17.86,13.74,68.4,3.0,15.52,5.13,0.13200000000000003,0.31800000000000006,0.5500000000000002,10175014,163610
206,90.2,0.9200000000000002,0.0,41.04,6700.0,86.5,269.5,30.93,3.31,65.76,3.0,16.62,5.970000000000001,0.11700000000000003,0.2980000000000001,0.5850000000000002,70413958,780580
207,10.3,0.0,-0.8600000000000002,73.08,5800.0,98.0,74.6,3.72,0.14,96.14,1.0,27.61,8.6,0.20900000000000005,0.38000000000000006,0.4110000000000001,5042920,488100
210,119.5,0.0,0.0,67.83,1400.0,69.9,3.6,25.88,10.65,63.47,2.0,47.35,12.24,0.31100000000000005,0.22200000000000006,0.46900000000000014,28195754,236040
211,77.4,0.4600000000000001,-0.39000000000000007,20.34,5400.0,99.7,259.9,56.21,1.61,42.18,3.0,8.82,14.39,0.18700000000000006,0.4520000000000001,0.3610000000000001,46710816,603700
212,31.4,1.59,1.03,14.51,23200.0,77.9,475.3,0.6000000000000001,2.25,97.15,1.0,18.96,4.4,0.04000000000000001,0.5850000000000002,0.3750000000000001,2602713,82880
213,247.6,5.08,2.19,5.16,27700.0,99.0,543.5,23.46,0.21000000000000005,76.33,3.0,10.71,10.13,0.005000000000000001,0.23700000000000004,0.7580000000000002,60609153,244820
214,31.0,0.21000000000000005,3.41,6.5,37800.0,97.0,898.0,19.13,0.22000000000000003,80.65,3.0,14.14,8.26,0.010000000000000002,0.20400000000000004,0.7870000000000001,298444215,9631420
215,19.5,0.37000000000000005,-0.32000000000000006,11.95,12800.0,98.0,291.4,7.43,0.23000000000000004,92.34,3.0,13.91,9.05,0.09300000000000003,0.31100000000000005,0.5960000000000002,3431932,176220
216,61.0,0.0,-1.7200000000000002,71.1,1700.0,99.3,62.9,10.83,0.8300000000000002,88.34,1.0,26.36,7.84,0.3420000000000001,0.22900000000000006,0.4300000000000001,27307134,447400
217,17.1,20.72,0.0,55.16,2900.0,53.0,32.6,2.46,7.38,90.16,2.0,22.72,7.82,0.26000000000000006,0.12000000000000002,0.6200000000000001,208869,12200
218,28.2,0.31000000000000005,-0.04000000000000001,22.2,4800.0,93.4,140.1,2.95,0.9200000000000002,96.13,2.0,18.71,4.92,0.04000000000000001,0.4190000000000001,0.5410000000000001,25730435,912050
219,256.1,1.05,-0.45000000000000007,25.95,2500.0,90.3,187.7,19.97,5.95,74.08,2.0,16.86,6.22,0.20900000000000005,0.4100000000000001,0.3810000000000001,84402966,329560
224,40.6,0.3600000000000001,0.0,61.5,800.0,50.2,37.2,2.7800000000000002,0.24000000000000005,96.98,1.0,42.89,8.3,0.13500000000000004,0.4720000000000001,0.39300000000000007,21456188,527970
225,15.3,0.0,0.0,88.29,800.0,80.6,8.2,7.08,0.030000000000000006,92.9,2.0,41.0,19.93,0.22000000000000003,0.29000000000000004,0.4890000000000001,11502010,752614
226,31.3,0.0,0.0,67.69,1900.0,90.7,26.8,8.32,0.3400000000000001,91.34,2.0,28.01,21.84,0.17900000000000005,0.24300000000000005,0.5790000000000002,12236805,390580
